feat 0 | feat 1 | feat 2 | feat 3 | feat 4 | brake | releasebrake | Q | 
26.666666666666668 | 0 | 0 | 0 | 0 | 1 | 0 | 0 | 
26.666666666666668 | 0 | 0 | 0 | 0 | 0 | 1 | 0 | 
28.51 | 0 | 0 | 0.1 | 0 | 1 | 0 | -8345.28 | 
28.51 | 0 | 0 | 0.1 | 0 | 0 | 1 | -926.32 | 
30.51 | 0 | 0 | 0.2 | 0 | 1 | 0 | -8588.25 | 
30.51 | 0 | 0 | 0.2 | 0 | 0 | 1 | -936.45 | 
32.51 | 0 | 0 | 0.3 | 0 | 1 | 0 | -9572.42 | 
32.51 | 0 | 0 | 0.3 | 0 | 0 | 1 | -946.95 | 
34.51 | 0 | 0 | 0.4 | 0 | 1 | 0 | -959.98 | 
34.51 | 0 | 0 | 0.4 | 0 | 0 | 1 | -6104.03 | 
36.51 | 0 | 0 | 0.5 | 0 | 1 | 0 | -6309.43 | 
36.51 | 0 | 0 | 0.5 | 0 | 0 | 1 | -977.86 | 
38.51 | 0 | 0 | 0.6 | 0 | 1 | 0 | -7479.51 | 
38.51 | 0 | 0 | 0.6 | 0 | 0 | 1 | -999.84 | 
40.51 | 0 | 0 | 0.7 | 0 | 1 | 0 | -5671.63 | 
40.51 | 0 | 0 | 0.7 | 0 | 0 | 1 | -1025.13 | 
41.51 | 0 | 0 | 0.8 | 0 | 1 | 0 | -1052.09 | 
41.51 | 0 | 0 | 0.8 | 0 | 0 | 1 | -5805.68 | 
42.51 | 0 | 0 | 0.9 | 0 | 1 | 0 | -5973.26 | 
42.51 | 0 | 0 | 0.9 | 0 | 0 | 1 | -1079.75 | 
43.51 | 0 | 0 | 1.0 | 0 | 1 | 0 | -1105.19 | 
43.51 | 0 | 0 | 1.0 | 0 | 0 | 1 | -6085.42 | 
44.51 | 0 | 0 | 1.1 | 0 | 1 | 0 | -6210.07 | 
44.51 | 0 | 0 | 1.1 | 0 | 0 | 1 | -1128.05 | 
45.51 | 0 | 0 | 1.2 | 0 | 1 | 0 | -1146.69 | 
45.51 | 0 | 0 | 1.2 | 0 | 0 | 1 | -5170.26 | 
46.51 | 0 | 0 | 1.3 | 0 | 1 | 0 | -1162.23 | 
46.51 | 0 | 0 | 1.3 | 0 | 0 | 1 | -5933.65 | 
47.51 | 0 | 0 | 1.4 | 0 | 1 | 0 | -6677.53 | 
47.51 | 0 | 0 | 1.4 | 0 | 0 | 1 | -1175.43 | 
48.51 | 0 | 0 | 1.5 | 0 | 1 | 0 | -6865.3 | 
48.51 | 0 | 0 | 1.5 | 0 | 0 | 1 | -1186.47 | 
49.51 | 0 | 0 | 1.6 | 0 | 1 | 0 | -1196.67 | 
49.51 | 0 | 0 | 1.6 | 0 | 0 | 1 | -7048.42 | 
50.51 | 0 | 0 | 1.7 | 0 | 1 | 0 | -7252.26 | 
50.51 | 0 | 0 | 1.7 | 0 | 0 | 1 | -1208.22 | 
51.51 | 0 | 0 | 1.8 | 0 | 1 | 0 | -1220.98 | 
51.51 | 0 | 0 | 1.8 | 0 | 0 | 1 | -7430.31 | 
52.51 | 0 | 0 | 1.9 | 0 | 1 | 0 | -1236.28 | 
52.51 | 0 | 0 | 1.9 | 0 | 0 | 1 | -6512.9 | 
52.51 | 0 | 0 | 2.0 | 0 | 1 | 0 | -10859.29 | 
52.51 | 0 | 0 | 2.0 | 0 | 0 | 1 | -10935.07 | 
52.51 | 0 | 0 | 2.1 | 0 | 1 | 0 | -8616.61 | 
52.51 | 0 | 0 | 2.1 | 0 | 0 | 1 | -11306.77 | 
52.51 | 0 | 0 | 2.2 | 0 | 1 | 0 | -7899.95 | 
52.51 | 0 | 0 | 2.2 | 0 | 0 | 1 | -12114.06 | 
52.51 | 0 | 0 | 2.3 | 0 | 1 | 0 | -12583.92 | 
52.51 | 0 | 0 | 2.3 | 0 | 0 | 1 | -13601.17 | 
52.51 | 0 | 0 | 2.4 | 1 | 1 | 0 | 0 | 
52.51 | 0 | 0 | 2.4 | 1 | 0 | 1 | 0 | 
33.51 | 0 | 0 | 0.4 | 0 | 1 | 0 | -11262.75 | 
33.51 | 0 | 0 | 0.4 | 0 | 0 | 1 | -10839.82 | 
35.51 | 0 | 0 | 0.5 | 0 | 1 | 0 | -12778.79 | 
35.51 | 0 | 0 | 0.5 | 0 | 0 | 1 | -10769.51 | 
37.51 | 0 | 0 | 0.6 | 0 | 1 | 0 | -10747.72 | 
37.51 | 0 | 0 | 0.6 | 0 | 0 | 1 | -11193.94 | 
38.51 | 0 | 0 | 0.7 | 0 | 1 | 0 | -10797.82 | 
38.51 | 0 | 0 | 0.7 | 0 | 0 | 1 | -11213.42 | 
39.51 | 0 | 0 | 0.8 | 0 | 1 | 0 | -10919.06 | 
39.51 | 0 | 0 | 0.8 | 0 | 0 | 1 | -11484.73 | 
40.51 | 0 | 0 | 0.9 | 0 | 1 | 0 | -11310.16 | 
40.51 | 0 | 0 | 0.9 | 0 | 0 | 1 | -11081.24 | 
41.51 | 0 | 0 | 1.0 | 0 | 1 | 0 | -11268.65 | 
41.51 | 0 | 0 | 1.0 | 0 | 0 | 1 | -11233.62 | 
42.51 | 0 | 0 | 1.1 | 0 | 1 | 0 | -11333.55 | 
42.51 | 0 | 0 | 1.1 | 0 | 0 | 1 | -11347.33 | 
43.51 | 0 | 0 | 1.2 | 0 | 1 | 0 | -11453.43 | 
43.51 | 0 | 0 | 1.2 | 0 | 0 | 1 | -11465.29 | 
44.51 | 0 | 0 | 1.3 | 0 | 1 | 0 | -11578.74 | 
44.51 | 0 | 0 | 1.3 | 0 | 0 | 1 | -11590.43 | 
45.51 | 0 | 0 | 1.4 | 0 | 1 | 0 | -12129.41 | 
45.51 | 0 | 0 | 1.4 | 0 | 0 | 1 | -11669.45 | 
46.51 | 0 | 0 | 1.5 | 0 | 1 | 0 | -11705.1 | 
46.51 | 0 | 0 | 1.5 | 0 | 0 | 1 | -11710.75 | 
47.51 | 0 | 0 | 1.6 | 0 | 1 | 0 | -11825.0 | 
47.51 | 0 | 0 | 1.6 | 0 | 0 | 1 | -11724.79 | 
48.51 | 0 | 0 | 1.7 | 0 | 1 | 0 | -11398.36 | 
48.51 | 0 | 0 | 1.7 | 0 | 0 | 1 | -12479.49 | 
49.51 | 0 | 0 | 1.8 | 0 | 1 | 0 | -13517.73 | 
49.51 | 0 | 0 | 1.8 | 0 | 0 | 1 | -10594.16 | 
50.51 | 0 | 0 | 1.9 | 0 | 1 | 0 | -11330.16 | 
50.51 | 0 | 0 | 1.9 | 0 | 0 | 1 | -9898.2 | 
51.51 | 0 | 0 | 2.0 | 0 | 1 | 0 | -10002.48 | 
51.51 | 0 | 0 | 2.0 | 0 | 0 | 1 | -9348.92 | 
53.51 | 0 | 0 | 2.3 | 0 | 1 | 0 | -9405.65 | 
53.51 | 0 | 0 | 2.3 | 0 | 0 | 1 | -6736.17 | 
53.51 | 0 | 0 | 2.4 | 0 | 1 | 0 | -6672.6 | 
53.51 | 0 | 0 | 2.4 | 0 | 0 | 1 | -9415.73 | 
53.51 | 0 | 0 | 2.5 | 1 | 1 | 0 | 0 | 
53.51 | 0 | 0 | 2.5 | 1 | 0 | 1 | 0 | 
53.51 | 0 | 0 | 2.0 | 0 | 1 | 0 | -6264.02 | 
53.51 | 0 | 0 | 2.0 | 0 | 0 | 1 | -1253.75 | 
54.51 | 0 | 0 | 2.1 | 0 | 1 | 0 | -5382.52 | 
54.51 | 0 | 0 | 2.1 | 0 | 0 | 1 | -1271.42 | 
55.51 | 0 | 0 | 2.2 | 0 | 1 | 0 | -1287.96 | 
55.51 | 0 | 0 | 2.2 | 0 | 0 | 1 | -4641.45 | 
56.51 | 0 | 0 | 2.3 | 0 | 1 | 0 | -1303.11 | 
56.51 | 0 | 0 | 2.3 | 0 | 0 | 1 | -5097.59 | 
57.51 | 0 | 0 | 2.4 | 0 | 1 | 0 | -3197.11 | 
57.51 | 0 | 0 | 2.4 | 0 | 0 | 1 | -1316.14 | 
58.51 | 0 | 0 | 2.5 | 0 | 1 | 0 | -1326.01 | 
58.51 | 0 | 0 | 2.5 | 0 | 0 | 1 | -2173.61 | 
58.51 | 0 | 0 | 2.6 | 0 | 1 | 0 | -3781.88 | 
58.51 | 0 | 0 | 2.6 | 0 | 0 | 1 | -3023.47 | 
58.51 | 0 | 0 | 2.7 | 0 | 1 | 0 | -2884.96 | 
58.51 | 0 | 0 | 2.7 | 0 | 0 | 1 | -4546.34 | 
58.51 | 0 | 0 | 2.8 | 1 | 1 | 0 | 0 | 
58.51 | 0 | 0 | 2.8 | 1 | 0 | 1 | 0 | 
53.51 | 0 | 0 | 2.1 | 0 | 1 | 0 | -8784.45 | 
53.51 | 0 | 0 | 2.1 | 0 | 0 | 1 | -8026.67 | 
53.51 | 0 | 0 | 2.2 | 0 | 1 | 0 | -7409.12 | 
53.51 | 0 | 0 | 2.2 | 0 | 0 | 1 | -8861.18 | 
56.51 | 0 | 0 | 2.4 | 0 | 1 | 0 | -4969.98 | 
56.51 | 0 | 0 | 2.4 | 0 | 0 | 1 | -5567.85 | 
56.51 | 0 | 0 | 2.5 | 0 | 1 | 0 | -5712.47 | 
56.51 | 0 | 0 | 2.5 | 0 | 0 | 1 | -4997.68 | 
56.51 | 0 | 0 | 2.6 | 0 | 1 | 0 | -6542.24 | 
56.51 | 0 | 0 | 2.6 | 0 | 0 | 1 | -4989.57 | 
56.51 | 0 | 0 | 2.7 | 1 | 1 | 0 | 0 | 
56.51 | 0 | 0 | 2.7 | 1 | 0 | 1 | 0 | 
39.51 | 0 | 0 | 0.7 | 0 | 1 | 0 | -9641.8 | 
39.51 | 0 | 0 | 0.7 | 0 | 0 | 1 | -9713.49 | 
40.51 | 0 | 0 | 0.8 | 0 | 1 | 0 | -9737.55 | 
40.51 | 0 | 0 | 0.8 | 0 | 0 | 1 | -9991.53 | 
41.51 | 0 | 0 | 0.9 | 0 | 1 | 0 | -9809.99 | 
41.51 | 0 | 0 | 0.9 | 0 | 0 | 1 | -9805.68 | 
42.51 | 0 | 0 | 1.0 | 0 | 1 | 0 | -9891.39 | 
42.51 | 0 | 0 | 1.0 | 0 | 0 | 1 | -9907.71 | 
43.51 | 0 | 0 | 1.1 | 0 | 1 | 0 | -10021.01 | 
43.51 | 0 | 0 | 1.1 | 0 | 0 | 1 | -10042.51 | 
44.51 | 0 | 0 | 1.2 | 0 | 1 | 0 | -10190.12 | 
44.51 | 0 | 0 | 1.2 | 0 | 0 | 1 | -10211.98 | 
45.51 | 0 | 0 | 1.3 | 0 | 1 | 0 | -10390.37 | 
45.51 | 0 | 0 | 1.3 | 0 | 0 | 1 | -10426.26 | 
46.51 | 0 | 0 | 1.4 | 0 | 1 | 0 | -10731.73 | 
46.51 | 0 | 0 | 1.4 | 0 | 0 | 1 | -10680.67 | 
47.51 | 0 | 0 | 1.5 | 0 | 1 | 0 | -11073.75 | 
47.51 | 0 | 0 | 1.5 | 0 | 0 | 1 | -11051.98 | 
48.51 | 0 | 0 | 1.6 | 0 | 1 | 0 | -11446.35 | 
48.51 | 0 | 0 | 1.6 | 0 | 0 | 1 | -11098.89 | 
49.51 | 0 | 0 | 1.7 | 0 | 1 | 0 | -10654.92 | 
49.51 | 0 | 0 | 1.7 | 0 | 0 | 1 | -12277.52 | 
50.51 | 0 | 0 | 1.8 | 0 | 1 | 0 | -9870.73 | 
50.51 | 0 | 0 | 1.8 | 0 | 0 | 1 | -9239.03 | 
51.51 | 0 | 0 | 1.9 | 0 | 1 | 0 | -9099.71 | 
51.51 | 0 | 0 | 1.9 | 0 | 0 | 1 | -9544.03 | 
51.51 | 0 | 0 | 2.1 | 0 | 1 | 0 | -9022.25 | 
51.51 | 0 | 0 | 2.1 | 0 | 0 | 1 | -7922.53 | 
51.51 | 0 | 0 | 2.2 | 0 | 1 | 0 | -9955.28 | 
51.51 | 0 | 0 | 2.2 | 0 | 0 | 1 | -8259.09 | 
51.51 | 0 | 0 | 2.3 | 0 | 1 | 0 | -9158.26 | 
51.51 | 0 | 0 | 2.3 | 0 | 0 | 1 | -10656.53 | 
51.51 | 0 | 0 | 2.4 | 1 | 1 | 0 | 0 | 
51.51 | 0 | 0 | 2.4 | 1 | 0 | 1 | 0 | 
57.51 | 0 | 0 | 2.5 | 0 | 1 | 0 | -3998.77 | 
57.51 | 0 | 0 | 2.5 | 0 | 0 | 1 | -5308.79 | 
57.51 | 0 | 0 | 2.6 | 0 | 1 | 0 | -4179.42 | 
57.51 | 0 | 0 | 2.6 | 0 | 0 | 1 | -5830.2 | 
57.51 | 0 | 0 | 2.7 | 1 | 1 | 0 | 0 | 
57.51 | 0 | 0 | 2.7 | 1 | 0 | 1 | 0 | 
36.51 | 0 | 0 | 0.6 | 0 | 1 | 0 | -19464.41 | 
36.51 | 0 | 0 | 0.6 | 0 | 0 | 1 | -19453.2 | 
37.51 | 0 | 0 | 0.7 | 0 | 1 | 0 | -19599.88 | 
37.51 | 0 | 0 | 0.7 | 0 | 0 | 1 | -19589.21 | 
38.51 | 0 | 0 | 0.8 | 0 | 1 | 0 | -19713.85 | 
38.51 | 0 | 0 | 0.8 | 0 | 0 | 1 | -19720.32 | 
39.51 | 0 | 0 | 0.9 | 0 | 1 | 0 | -19792.44 | 
39.51 | 0 | 0 | 0.9 | 0 | 0 | 1 | -19792.61 | 
40.51 | 0 | 0 | 1.0 | 0 | 1 | 0 | -19833.99 | 
40.51 | 0 | 0 | 1.0 | 0 | 0 | 1 | -19810.57 | 
41.51 | 0 | 0 | 1.1 | 0 | 1 | 0 | -19820.26 | 
41.51 | 0 | 0 | 1.1 | 0 | 0 | 1 | -19893.9 | 
42.51 | 0 | 0 | 1.2 | 0 | 1 | 0 | -19857.97 | 
42.51 | 0 | 0 | 1.2 | 0 | 0 | 1 | -19897.8 | 
43.51 | 0 | 0 | 1.3 | 0 | 1 | 0 | -19938.03 | 
43.51 | 0 | 0 | 1.3 | 0 | 0 | 1 | -19906.47 | 
44.51 | 0 | 0 | 1.4 | 0 | 1 | 0 | -20461.82 | 
44.51 | 0 | 0 | 1.4 | 0 | 0 | 1 | -19657.44 | 
45.51 | 0 | 0 | 1.5 | 0 | 1 | 0 | -19358.66 | 
45.51 | 0 | 0 | 1.5 | 0 | 0 | 1 | -18983.14 | 
46.51 | 0 | 0 | 1.6 | 0 | 1 | 0 | -18039.34 | 
46.51 | 0 | 0 | 1.6 | 0 | 0 | 1 | -18456.04 | 
47.51 | 0 | 0 | 1.7 | 0 | 1 | 0 | -16916.71 | 
47.51 | 0 | 0 | 1.7 | 0 | 0 | 1 | -17168.63 | 
47.51 | 0 | 0 | 1.8 | 0 | 1 | 0 | -17301.04 | 
47.51 | 0 | 0 | 1.8 | 0 | 0 | 1 | -17025.9 | 
47.51 | 0 | 0 | 1.9 | 0 | 1 | 0 | -17469.57 | 
47.51 | 0 | 0 | 1.9 | 0 | 0 | 1 | -17303.95 | 
47.51 | 0 | 0 | 2.0 | 0 | 1 | 0 | -19175.08 | 
47.51 | 0 | 0 | 2.0 | 0 | 0 | 1 | -19214.59 | 
47.51 | 0 | 0 | 2.1 | 1 | 1 | 0 | 0 | 
47.51 | 0 | 0 | 2.1 | 1 | 0 | 1 | 0 | 
59.51 | 0 | 0 | 2.6 | 0 | 1 | 0 | -1581.02 | 
59.51 | 0 | 0 | 2.6 | 0 | 0 | 1 | -1334.95 | 
60.51 | 0 | 0 | 2.7 | 0 | 1 | 0 | -1346.54 | 
60.51 | 0 | 0 | 2.7 | 0 | 0 | 1 | -1348.68 | 
61.51 | 0 | 0 | 2.8 | 0 | 1 | 0 | -1477.02 | 
61.51 | 0 | 0 | 2.8 | 0 | 0 | 1 | -1377.51 | 
62.51 | 0 | 0 | 2.9 | 0 | 1 | 0 | 3347.83 | 
62.51 | 0 | 0 | 2.9 | 0 | 0 | 1 | 1015.17 | 
63.51 | 0 | 0 | 3.0 | 0 | 1 | 0 | 1715.93 | 
63.51 | 0 | 0 | 3.0 | 0 | 0 | 1 | 3200.68 | 
64.51 | 0 | 0 | 3.1 | 0 | 1 | 0 | 2801.65 | 
64.51 | 0 | 0 | 3.1 | 0 | 0 | 1 | 4796.25 | 
65.51 | 0 | 0 | 3.2 | 0 | 1 | 0 | 2811.02 | 
65.51 | 0 | 0 | 3.2 | 0 | 0 | 1 | 6051.71 | 
66.51 | 0 | 0 | 3.3 | 0 | 1 | 0 | 5271.19 | 
66.51 | 0 | 0 | 3.3 | 0 | 0 | 1 | 2257.79 | 
66.51 | 0 | 0 | 3.4 | 1 | 1 | 0 | 0 | 
66.51 | 0 | 0 | 3.4 | 1 | 0 | 1 | 0 | 
54.51 | 0 | 0 | 2.3 | 0 | 1 | 0 | -7936.41 | 
54.51 | 0 | 0 | 2.3 | 0 | 0 | 1 | -6814.5 | 
54.51 | 0 | 0 | 2.4 | 0 | 1 | 0 | -7399.43 | 
54.51 | 0 | 0 | 2.4 | 0 | 0 | 1 | -8396.43 | 
54.51 | 0 | 0 | 2.5 | 1 | 1 | 0 | 0 | 
54.51 | 0 | 0 | 2.5 | 1 | 0 | 1 | 0 | 
67.51 | 0 | 0 | 3.4 | 0 | 1 | 0 | 5421.21 | 
67.51 | 0 | 0 | 3.4 | 0 | 0 | 1 | 2224.07 | 
68.51 | 0 | 0 | 3.5 | 0 | 1 | 0 | 4906.65 | 
68.51 | 0 | 0 | 3.5 | 0 | 0 | 1 | 2048.47 | 
69.51 | 0 | 0 | 3.6 | 0 | 1 | 0 | 1630.58 | 
69.51 | 0 | 0 | 3.6 | 0 | 0 | 1 | 4601.47 | 
70.51 | 0 | 0 | 3.7 | 0 | 1 | 0 | 5441.73 | 
70.51 | 0 | 0 | 3.7 | 0 | 0 | 1 | 1437.22 | 
71.51 | 0 | 0 | 3.8 | 0 | 1 | 0 | 3086.42 | 
71.51 | 0 | 0 | 3.8 | 0 | 0 | 1 | 5268.01 | 
72.51 | 0 | 0 | 3.9 | 0 | 1 | 0 | 3969.17 | 
72.51 | 0 | 0 | 3.9 | 0 | 0 | 1 | 3844.54 | 
73.51 | 0 | 0 | 4.0 | 0 | 1 | 0 | 8378.44 | 
73.51 | 0 | 0 | 4.0 | 0 | 0 | 1 | 7555.4 | 
74.51 | 0 | 0 | 4.1 | 0 | 1 | 0 | 5907.2 | 
74.51 | 0 | 0 | 4.1 | 0 | 0 | 1 | 9320.45 | 
75.51 | 0 | 0 | 4.2 | 0 | 1 | 0 | 9996.41 | 
75.51 | 0 | 0 | 4.2 | 0 | 0 | 1 | 10015.44 | 
76.51 | 0 | 0 | 4.3 | 0 | 1 | 0 | 10014.82 | 
76.51 | 0 | 0 | 4.3 | 0 | 0 | 1 | 10011.03 | 
76.51 | 0 | 0 | 4.4 | 0 | 1 | 0 | 10010.89 | 
76.51 | 0 | 0 | 4.4 | 0 | 0 | 1 | 9990.58 | 
77.51 | 0 | 0 | 4.5 | 0 | 1 | 0 | 10005.92 | 
77.51 | 0 | 0 | 4.5 | 0 | 0 | 1 | 10007.63 | 
77.51 | 0 | 0 | 4.6 | 0 | 1 | 0 | 9986.01 | 
77.51 | 0 | 0 | 4.6 | 0 | 0 | 1 | 10003.66 | 
77.51 | 0 | 0 | 4.7 | 0 | 1 | 0 | 10001.95 | 
77.51 | 0 | 0 | 4.7 | 0 | 0 | 1 | 10003.65 | 
77.51 | 0 | 0 | 4.8 | 0 | 1 | 0 | 10003.6 | 
77.51 | 0 | 0 | 4.8 | 0 | 0 | 1 | 9940.95 | 
77.51 | 0 | 0 | 4.9 | 0 | 1 | 0 | 9929.63 | 
77.51 | 0 | 0 | 4.9 | 0 | 0 | 1 | 10000.0 | 
77.51 | 0 | 0 | 5.0 | 1 | 1 | 0 | 0 | 
77.51 | 0 | 0 | 5.0 | 1 | 0 | 1 | 0 | 
48.51 | 0 | 0 | 1.8 | 0 | 1 | 0 | -14531.39 | 
48.51 | 0 | 0 | 1.8 | 0 | 0 | 1 | -14320.33 | 
48.51 | 0 | 0 | 1.9 | 0 | 1 | 0 | -14688.26 | 
48.51 | 0 | 0 | 1.9 | 0 | 0 | 1 | -14084.64 | 
48.51 | 0 | 0 | 2.0 | 0 | 1 | 0 | -15134.98 | 
48.51 | 0 | 0 | 2.0 | 0 | 0 | 1 | -13634.56 | 
48.51 | 0 | 0 | 2.1 | 0 | 1 | 0 | -16378.6 | 
48.51 | 0 | 0 | 2.1 | 0 | 0 | 1 | -13244.24 | 
48.51 | 0 | 0 | 2.2 | 1 | 1 | 0 | 0 | 
48.51 | 0 | 0 | 2.2 | 1 | 0 | 1 | 0 | 
45.51 | 0 | 0 | 1.6 | 0 | 1 | 0 | -19851.66 | 
45.51 | 0 | 0 | 1.6 | 0 | 0 | 1 | -19818.85 | 
45.51 | 0 | 0 | 1.7 | 0 | 1 | 0 | -20108.64 | 
45.51 | 0 | 0 | 1.7 | 0 | 0 | 1 | -20083.8 | 
45.51 | 0 | 0 | 1.8 | 0 | 1 | 0 | -20592.44 | 
45.51 | 0 | 0 | 1.8 | 0 | 0 | 1 | -20669.78 | 
45.51 | 0 | 0 | 1.9 | 0 | 1 | 0 | -21898.32 | 
45.51 | 0 | 0 | 1.9 | 0 | 0 | 1 | -21212.31 | 
45.51 | 0 | 0 | 2.0 | 1 | 1 | 0 | 0 | 
45.51 | 0 | 0 | 2.0 | 1 | 0 | 1 | 0 | 
43.51 | 0 | 0 | 0.9 | 0 | 1 | 0 | 2262.65 | 
43.51 | 0 | 0 | 0.9 | 0 | 0 | 1 | 5167.32 | 
44.51 | 0 | 0 | 1.0 | 0 | 1 | 0 | 4126.91 | 
44.51 | 0 | 0 | 1.0 | 0 | 0 | 1 | 1843.78 | 
45.51 | 0 | 0 | 1.1 | 0 | 1 | 0 | 4359.69 | 
45.51 | 0 | 0 | 1.1 | 0 | 0 | 1 | 1794.91 | 
46.51 | 0 | 0 | 1.2 | 0 | 1 | 0 | 4525.59 | 
46.51 | 0 | 0 | 1.2 | 0 | 0 | 1 | 1677.08 | 
47.51 | 0 | 0 | 1.3 | 0 | 1 | 0 | 1642.05 | 
47.51 | 0 | 0 | 1.3 | 0 | 0 | 1 | 4625.22 | 
48.51 | 0 | 0 | 1.4 | 0 | 1 | 0 | 2238.6 | 
48.51 | 0 | 0 | 1.4 | 0 | 0 | 1 | 4675.98 | 
49.51 | 0 | 0 | 1.5 | 0 | 1 | 0 | 4710.12 | 
49.51 | 0 | 0 | 1.5 | 0 | 0 | 1 | 2172.44 | 
50.51 | 0 | 0 | 1.6 | 0 | 1 | 0 | 1537.27 | 
50.51 | 0 | 0 | 1.6 | 0 | 0 | 1 | 4765.49 | 
51.51 | 0 | 0 | 1.7 | 0 | 1 | 0 | 4847.51 | 
51.51 | 0 | 0 | 1.7 | 0 | 0 | 1 | 1777.08 | 
52.51 | 0 | 0 | 1.8 | 0 | 1 | 0 | 4947.76 | 
52.51 | 0 | 0 | 1.8 | 0 | 0 | 1 | 1193.44 | 
53.51 | 0 | 0 | 1.9 | 0 | 1 | 0 | 1505.5 | 
53.51 | 0 | 0 | 1.9 | 0 | 0 | 1 | 5025.94 | 
54.51 | 0 | 0 | 2.0 | 0 | 1 | 0 | 525.21 | 
54.51 | 0 | 0 | 2.0 | 0 | 0 | 1 | 5021.84 | 
55.51 | 0 | 0 | 2.1 | 0 | 1 | 0 | 1131.36 | 
55.51 | 0 | 0 | 2.1 | 0 | 0 | 1 | 4863.22 | 
56.51 | 0 | 0 | 2.2 | 0 | 1 | 0 | 1575.74 | 
56.51 | 0 | 0 | 2.2 | 0 | 0 | 1 | 4511.67 | 
57.51 | 0 | 0 | 2.3 | 0 | 1 | 0 | 4014.37 | 
57.51 | 0 | 0 | 2.3 | 0 | 0 | 1 | 940.73 | 
58.51 | 0 | 0 | 2.4 | 0 | 1 | 0 | 3463.69 | 
58.51 | 0 | 0 | 2.4 | 0 | 0 | 1 | 687.14 | 
59.51 | 0 | 0 | 2.5 | 0 | 1 | 0 | 3041.76 | 
59.51 | 0 | 0 | 2.5 | 0 | 0 | 1 | 1639.39 | 
60.51 | 0 | 0 | 2.6 | 0 | 1 | 0 | 2951.97 | 
60.51 | 0 | 0 | 2.6 | 0 | 0 | 1 | 2293.97 | 
61.51 | 0 | 0 | 2.7 | 0 | 1 | 0 | 2488.92 | 
61.51 | 0 | 0 | 2.7 | 0 | 0 | 1 | 3202.06 | 
62.51 | 0 | 0 | 2.8 | 0 | 1 | 0 | 3811.63 | 
62.51 | 0 | 0 | 2.8 | 0 | 0 | 1 | 239.88 | 
62.51 | 0 | 0 | 3.0 | 0 | 1 | 0 | -1420.86 | 
62.51 | 0 | 0 | 3.0 | 0 | 0 | 1 | -1769.18 | 
62.51 | 0 | 0 | 3.1 | 1 | 1 | 0 | 0 | 
62.51 | 0 | 0 | 3.1 | 1 | 0 | 1 | 0 | 
59.51 | 0 | 0 | 2.7 | 0 | 1 | 0 | -2653.76 | 
59.51 | 0 | 0 | 2.7 | 0 | 0 | 1 | -3512.42 | 
60.51 | 0 | 0 | 2.8 | 0 | 1 | 0 | -2543.65 | 
60.51 | 0 | 0 | 2.8 | 0 | 0 | 1 | -3594.26 | 
60.51 | 0 | 0 | 2.9 | 1 | 1 | 0 | 0 | 
60.51 | 0 | 0 | 2.9 | 1 | 0 | 1 | 0 | 
72.51 | 0 | 0 | 4.0 | 0 | 1 | 0 | -1415.26 | 
72.51 | 0 | 0 | 4.0 | 0 | 0 | 1 | -1408.85 | 
73.51 | 0 | 0 | 4.1 | 0 | 1 | 0 | -1555.97 | 
73.51 | 0 | 0 | 4.1 | 0 | 0 | 1 | -1611.2 | 
73.51 | 0 | 0 | 4.2 | 0 | 1 | 0 | -1939.47 | 
73.51 | 0 | 0 | 4.2 | 0 | 0 | 1 | -1580.47 | 
73.51 | 0 | 0 | 4.3 | 1 | 1 | 0 | 0 | 
73.51 | 0 | 0 | 4.3 | 1 | 0 | 1 | 0 | 
46.51 | 0 | 0 | 1.7 | 0 | 1 | 0 | -19056.97 | 
46.51 | 0 | 0 | 1.7 | 0 | 0 | 1 | -18774.85 | 
46.51 | 0 | 0 | 1.8 | 0 | 1 | 0 | -19195.22 | 
46.51 | 0 | 0 | 1.8 | 0 | 0 | 1 | -18787.85 | 
46.51 | 0 | 0 | 1.9 | 0 | 1 | 0 | -18900.58 | 
46.51 | 0 | 0 | 1.9 | 0 | 0 | 1 | -18896.55 | 
46.51 | 0 | 0 | 2.0 | 0 | 1 | 0 | -18756.1 | 
46.51 | 0 | 0 | 2.0 | 0 | 0 | 1 | -19464.38 | 
46.51 | 0 | 0 | 2.1 | 1 | 1 | 0 | 0 | 
46.51 | 0 | 0 | 2.1 | 1 | 0 | 1 | 0 | 
61.51 | 0 | 0 | 2.9 | 0 | 1 | 0 | -2024.46 | 
61.51 | 0 | 0 | 2.9 | 0 | 0 | 1 | -1365.02 | 
61.51 | 0 | 0 | 3.0 | 1 | 1 | 0 | 0 | 
61.51 | 0 | 0 | 3.0 | 1 | 0 | 1 | 0 | 
50.51 | 0 | 0 | 2.0 | 0 | 1 | 0 | -11906.54 | 
50.51 | 0 | 0 | 2.0 | 0 | 0 | 1 | -9876.94 | 
50.51 | 0 | 0 | 2.1 | 0 | 1 | 0 | -9864.88 | 
50.51 | 0 | 0 | 2.1 | 0 | 0 | 1 | -12391.86 | 
50.51 | 0 | 0 | 2.2 | 0 | 1 | 0 | -12725.25 | 
50.51 | 0 | 0 | 2.2 | 0 | 0 | 1 | -10728.47 | 
50.51 | 0 | 0 | 2.3 | 1 | 1 | 0 | 0 | 
50.51 | 0 | 0 | 2.3 | 1 | 0 | 1 | 0 | 
63.51 | 0 | 0 | 3.1 | 0 | 1 | 0 | -676.58 | 
63.51 | 0 | 0 | 3.1 | 0 | 0 | 1 | -2365.6 | 
63.51 | 0 | 0 | 3.2 | 1 | 1 | 0 | 0 | 
63.51 | 0 | 0 | 3.2 | 1 | 0 | 1 | 0 | 
77.51 | 0 | 0 | 4.4 | 0 | 1 | 0 | 10013.37 | 
77.51 | 0 | 0 | 4.4 | 0 | 0 | 1 | 10010.97 | 
78.51 | 0 | 0 | 4.5 | 0 | 1 | 0 | 10011.91 | 
78.51 | 0 | 0 | 4.5 | 0 | 0 | 1 | 10009.22 | 
79.51 | 0 | 0 | 4.6 | 0 | 1 | 0 | 10009.67 | 
79.51 | 0 | 0 | 4.6 | 0 | 0 | 1 | 10007.56 | 
80.51 | 0 | 0 | 4.7 | 0 | 1 | 0 | 10007.03 | 
80.51 | 0 | 0 | 4.7 | 0 | 0 | 1 | 10004.36 | 
81.51 | 0 | 0 | 4.8 | 0 | 1 | 0 | 10003.88 | 
81.51 | 0 | 0 | 4.8 | 0 | 0 | 1 | 10001.96 | 
82.51 | 0 | 0 | 4.9 | 0 | 1 | 0 | 10000.0 | 
82.51 | 0 | 0 | 4.9 | 0 | 0 | 1 | 10000.0 | 
83.51 | 0 | 0 | 5.0 | 1 | 1 | 0 | 0 | 
83.51 | 0 | 0 | 5.0 | 1 | 0 | 1 | 0 | 
64.51 | 0 | 0 | 3.2 | 1 | 1 | 0 | 0 | 
64.51 | 0 | 0 | 3.2 | 1 | 0 | 1 | 0 | 
55.51 | 0 | 0 | 2.4 | 0 | 1 | 0 | -5955.48 | 
55.51 | 0 | 0 | 2.4 | 0 | 0 | 1 | -6976.38 | 
55.51 | 0 | 0 | 2.5 | 0 | 1 | 0 | -7507.2 | 
55.51 | 0 | 0 | 2.5 | 0 | 0 | 1 | -5070.21 | 
55.51 | 0 | 0 | 2.6 | 1 | 1 | 0 | 0 | 
55.51 | 0 | 0 | 2.6 | 1 | 0 | 1 | 0 | 
68.51 | 0 | 0 | 3.6 | 1 | 1 | 0 | 0 | 
68.51 | 0 | 0 | 3.6 | 1 | 0 | 1 | 0 | 
45.51 | 0 | 0 | 1.0 | 0 | 1 | 0 | 6238.94 | 
45.51 | 0 | 0 | 1.0 | 0 | 0 | 1 | 6783.49 | 
46.51 | 0 | 0 | 1.1 | 0 | 1 | 0 | 4400.56 | 
46.51 | 0 | 0 | 1.1 | 0 | 0 | 1 | 7680.94 | 
47.51 | 0 | 0 | 1.2 | 0 | 1 | 0 | 8425.83 | 
47.51 | 0 | 0 | 1.2 | 0 | 0 | 1 | 8437.99 | 
48.51 | 0 | 0 | 1.3 | 0 | 1 | 0 | 8326.13 | 
48.51 | 0 | 0 | 1.3 | 0 | 0 | 1 | 8338.4 | 
49.51 | 0 | 0 | 1.4 | 0 | 1 | 0 | 8222.73 | 
49.51 | 0 | 0 | 1.4 | 0 | 0 | 1 | 8233.02 | 
50.51 | 0 | 0 | 1.5 | 0 | 1 | 0 | 8121.13 | 
50.51 | 0 | 0 | 1.5 | 0 | 0 | 1 | 8115.2 | 
51.51 | 0 | 0 | 1.6 | 0 | 1 | 0 | 8008.58 | 
51.51 | 0 | 0 | 1.6 | 0 | 0 | 1 | 8010.79 | 
52.51 | 0 | 0 | 1.7 | 0 | 1 | 0 | 7923.91 | 
52.51 | 0 | 0 | 1.7 | 0 | 0 | 1 | 7923.41 | 
53.51 | 0 | 0 | 1.8 | 0 | 1 | 0 | 7885.47 | 
53.51 | 0 | 0 | 1.8 | 0 | 0 | 1 | 7882.14 | 
54.51 | 0 | 0 | 1.9 | 0 | 1 | 0 | 7887.83 | 
54.51 | 0 | 0 | 1.9 | 0 | 0 | 1 | 7831.8 | 
55.51 | 0 | 0 | 2.0 | 0 | 1 | 0 | 7892.65 | 
55.51 | 0 | 0 | 2.0 | 0 | 0 | 1 | 7763.07 | 
56.51 | 0 | 0 | 2.1 | 0 | 1 | 0 | 7901.99 | 
56.51 | 0 | 0 | 2.1 | 0 | 0 | 1 | 7684.15 | 
57.51 | 0 | 0 | 2.2 | 0 | 1 | 0 | 7916.84 | 
57.51 | 0 | 0 | 2.2 | 0 | 0 | 1 | 7670.25 | 
58.51 | 0 | 0 | 2.3 | 0 | 1 | 0 | 7507.76 | 
58.51 | 0 | 0 | 2.3 | 0 | 0 | 1 | 7887.03 | 
59.51 | 0 | 0 | 2.4 | 0 | 1 | 0 | 7710.37 | 
59.51 | 0 | 0 | 2.4 | 0 | 0 | 1 | 7374.66 | 
60.51 | 0 | 0 | 2.5 | 0 | 1 | 0 | 7368.48 | 
60.51 | 0 | 0 | 2.5 | 0 | 0 | 1 | 7211.9 | 
61.51 | 0 | 0 | 2.6 | 0 | 1 | 0 | 7124.27 | 
61.51 | 0 | 0 | 2.6 | 0 | 0 | 1 | 6819.42 | 
62.51 | 0 | 0 | 2.7 | 0 | 1 | 0 | 7080.62 | 
62.51 | 0 | 0 | 2.7 | 0 | 0 | 1 | 7242.07 | 
63.51 | 0 | 0 | 2.8 | 0 | 1 | 0 | 7510.62 | 
63.51 | 0 | 0 | 2.8 | 0 | 0 | 1 | 6046.38 | 
64.51 | 0 | 0 | 2.9 | 0 | 1 | 0 | 7390.39 | 
64.51 | 0 | 0 | 2.9 | 0 | 0 | 1 | 7523.49 | 
64.51 | 0 | 0 | 3.0 | 0 | 1 | 0 | 2963.98 | 
64.51 | 0 | 0 | 3.0 | 0 | 0 | 1 | 5831.05 | 
49.51 | 0 | 0 | 1.9 | 0 | 1 | 0 | -14642.56 | 
49.51 | 0 | 0 | 1.9 | 0 | 0 | 1 | -14684.68 | 
49.51 | 0 | 0 | 2.0 | 0 | 1 | 0 | -15254.02 | 
49.51 | 0 | 0 | 2.0 | 0 | 0 | 1 | -14830.67 | 
49.51 | 0 | 0 | 2.1 | 0 | 1 | 0 | -13911.84 | 
49.51 | 0 | 0 | 2.1 | 0 | 0 | 1 | -16297.99 | 
49.51 | 0 | 0 | 2.2 | 1 | 1 | 0 | 0 | 
49.51 | 0 | 0 | 2.2 | 1 | 0 | 1 | 0 | 
54.51 | 0 | 0 | 2.2 | 0 | 1 | 0 | -7078.79 | 
54.51 | 0 | 0 | 2.2 | 0 | 0 | 1 | -7184.05 | 
55.51 | 0 | 0 | 2.3 | 0 | 1 | 0 | -6515.86 | 
55.51 | 0 | 0 | 2.3 | 0 | 0 | 1 | -6808.93 | 
71.51 | 0 | 0 | 3.9 | 0 | 1 | 0 | -624.76 | 
71.51 | 0 | 0 | 3.9 | 0 | 0 | 1 | -787.82 | 
71.51 | 0 | 0 | 4.0 | 1 | 1 | 0 | 0 | 
71.51 | 0 | 0 | 4.0 | 1 | 0 | 1 | 0 | 
65.51 | 0 | 0 | 3.0 | 0 | 1 | 0 | 8228.98 | 
65.51 | 0 | 0 | 3.0 | 0 | 0 | 1 | 7022.64 | 
66.51 | 0 | 0 | 3.1 | 0 | 1 | 0 | 8525.99 | 
66.51 | 0 | 0 | 3.1 | 0 | 0 | 1 | 7222.68 | 
67.51 | 0 | 0 | 3.2 | 0 | 1 | 0 | 8313.61 | 
67.51 | 0 | 0 | 3.2 | 0 | 0 | 1 | 9220.97 | 
68.51 | 0 | 0 | 3.3 | 0 | 1 | 0 | 7837.67 | 
68.51 | 0 | 0 | 3.3 | 0 | 0 | 1 | 9457.7 | 
69.51 | 0 | 0 | 3.4 | 0 | 1 | 0 | 8880.35 | 
69.51 | 0 | 0 | 3.4 | 0 | 0 | 1 | 9658.04 | 
70.51 | 0 | 0 | 3.5 | 0 | 1 | 0 | 8732.45 | 
70.51 | 0 | 0 | 3.5 | 0 | 0 | 1 | 9825.94 | 
71.51 | 0 | 0 | 3.6 | 0 | 1 | 0 | 9938.06 | 
71.51 | 0 | 0 | 3.6 | 0 | 0 | 1 | 9177.03 | 
72.51 | 0 | 0 | 3.7 | 0 | 1 | 0 | 10001.07 | 
72.51 | 0 | 0 | 3.7 | 0 | 0 | 1 | 9652.51 | 
73.51 | 0 | 0 | 3.8 | 0 | 1 | 0 | 9264.03 | 
73.51 | 0 | 0 | 3.8 | 0 | 0 | 1 | 10023.65 | 
74.51 | 0 | 0 | 3.9 | 0 | 1 | 0 | 10019.73 | 
74.51 | 0 | 0 | 3.9 | 0 | 0 | 1 | 10027.02 | 
75.51 | 0 | 0 | 4.0 | 0 | 1 | 0 | 10025.43 | 
75.51 | 0 | 0 | 4.0 | 0 | 0 | 1 | 10021.37 | 
76.51 | 0 | 0 | 4.1 | 0 | 1 | 0 | 10022.29 | 
76.51 | 0 | 0 | 4.1 | 0 | 0 | 1 | 10019.55 | 
77.51 | 0 | 0 | 4.2 | 0 | 1 | 0 | 10020.65 | 
77.51 | 0 | 0 | 4.2 | 0 | 0 | 1 | 10016.87 | 
78.51 | 0 | 0 | 4.3 | 0 | 1 | 0 | 10016.16 | 
78.51 | 0 | 0 | 4.3 | 0 | 0 | 1 | 10017.8 | 
79.51 | 0 | 0 | 4.4 | 0 | 1 | 0 | 10016.36 | 
79.51 | 0 | 0 | 4.4 | 0 | 0 | 1 | 10011.95 | 
80.51 | 0 | 0 | 4.5 | 0 | 1 | 0 | 10014.02 | 
80.51 | 0 | 0 | 4.5 | 0 | 0 | 1 | 10010.91 | 
81.51 | 0 | 0 | 4.6 | 0 | 1 | 0 | 10011.05 | 
81.51 | 0 | 0 | 4.6 | 0 | 0 | 1 | 10008.43 | 
82.51 | 0 | 0 | 4.7 | 0 | 1 | 0 | 10007.64 | 
82.51 | 0 | 0 | 4.7 | 0 | 0 | 1 | 10004.91 | 
83.51 | 0 | 0 | 4.8 | 0 | 1 | 0 | 10004.18 | 
83.51 | 0 | 0 | 4.8 | 0 | 0 | 1 | 10002.26 | 
84.51 | 0 | 0 | 4.9 | 0 | 1 | 0 | 10000.0 | 
84.51 | 0 | 0 | 4.9 | 0 | 0 | 1 | 9999.74 | 
85.51 | 0 | 0 | 5.0 | 1 | 1 | 0 | 0 | 
85.51 | 0 | 0 | 5.0 | 1 | 0 | 1 | 0 | 
79.51 | 0 | 0 | 4.7 | 0 | 1 | 0 | 10006.93 | 
79.51 | 0 | 0 | 4.7 | 0 | 0 | 1 | 10005.41 | 
80.51 | 0 | 0 | 4.8 | 0 | 1 | 0 | 10004.02 | 
80.51 | 0 | 0 | 4.8 | 0 | 0 | 1 | 10002.25 | 
80.51 | 0 | 0 | 4.9 | 0 | 1 | 0 | 10000.0 | 
80.51 | 0 | 0 | 4.9 | 0 | 0 | 1 | 9999.99 | 
81.51 | 0 | 0 | 5.0 | 1 | 1 | 0 | 0 | 
81.51 | 0 | 0 | 5.0 | 1 | 0 | 1 | 0 | 
74.51 | 0 | 0 | 4.2 | 0 | 1 | 0 | -371.33 | 
74.51 | 0 | 0 | 4.2 | 0 | 0 | 1 | 2889.21 | 
75.51 | 0 | 0 | 4.3 | 0 | 1 | 0 | 2081.73 | 
75.51 | 0 | 0 | 4.3 | 0 | 0 | 1 | 2073.38 | 
75.51 | 0 | 0 | 4.4 | 0 | 1 | 0 | 817.46 | 
75.51 | 0 | 0 | 4.4 | 0 | 0 | 1 | -837.03 | 
75.51 | 0 | 0 | 4.5 | 0 | 1 | 0 | -3179.81 | 
75.51 | 0 | 0 | 4.5 | 0 | 0 | 1 | -3096.43 | 
75.51 | 0 | 0 | 4.6 | 0 | 1 | 0 | -3075.26 | 
75.51 | 0 | 0 | 4.6 | 0 | 0 | 1 | -3502.9 | 
75.51 | 0 | 0 | 4.7 | 1 | 1 | 0 | 0 | 
75.51 | 0 | 0 | 4.7 | 1 | 0 | 1 | 0 | 
70.51 | 0 | 0 | 3.6 | 0 | 1 | 0 | 7809.6 | 
70.51 | 0 | 0 | 3.6 | 0 | 0 | 1 | 6334.13 | 
70.51 | 0 | 0 | 3.8 | 1 | 1 | 0 | 0 | 
70.51 | 0 | 0 | 3.8 | 1 | 0 | 1 | 0 | 
59.51 | 0 | 0 | 2.8 | 0 | 1 | 0 | -4316.08 | 
59.51 | 0 | 0 | 2.8 | 0 | 0 | 1 | -2561.55 | 
59.51 | 0 | 0 | 2.9 | 1 | 1 | 0 | 0 | 
59.51 | 0 | 0 | 2.9 | 1 | 0 | 1 | 0 | 
76.51 | 0 | 0 | 4.5 | 0 | 1 | 0 | 9980.1 | 
76.51 | 0 | 0 | 4.5 | 0 | 0 | 1 | 10005.77 | 
76.51 | 0 | 0 | 4.6 | 0 | 1 | 0 | 10008.11 | 
76.51 | 0 | 0 | 4.6 | 0 | 0 | 1 | 9233.45 | 
76.51 | 0 | 0 | 4.7 | 0 | 1 | 0 | 9612.08 | 
76.51 | 0 | 0 | 4.7 | 0 | 0 | 1 | 10004.63 | 
76.51 | 0 | 0 | 4.8 | 0 | 1 | 0 | 10002.21 | 
76.51 | 0 | 0 | 4.8 | 0 | 0 | 1 | 9709.89 | 
76.51 | 0 | 0 | 4.9 | 0 | 1 | 0 | 9965.41 | 
76.51 | 0 | 0 | 4.9 | 0 | 0 | 1 | 10000.0 | 
76.51 | 0 | 0 | 5.0 | 1 | 1 | 0 | 0 | 
76.51 | 0 | 0 | 5.0 | 1 | 0 | 1 | 0 | 
63.51 | 0 | 0 | 2.9 | 0 | 1 | 0 | 2045.92 | 
63.51 | 0 | 0 | 2.9 | 0 | 0 | 1 | 5717.72 | 
65.51 | 0 | 0 | 3.1 | 0 | 1 | 0 | 6067.76 | 
65.51 | 0 | 0 | 3.1 | 0 | 0 | 1 | 4538.37 | 
66.51 | 0 | 0 | 3.2 | 0 | 1 | 0 | 5119.33 | 
66.51 | 0 | 0 | 3.2 | 0 | 0 | 1 | 5821.37 | 
67.51 | 0 | 0 | 3.3 | 0 | 1 | 0 | 5156.19 | 
67.51 | 0 | 0 | 3.3 | 0 | 0 | 1 | 6001.56 | 
68.51 | 0 | 0 | 3.4 | 0 | 1 | 0 | 6605.01 | 
68.51 | 0 | 0 | 3.4 | 0 | 0 | 1 | 3659.06 | 
69.51 | 0 | 0 | 3.5 | 0 | 1 | 0 | 6084.82 | 
69.51 | 0 | 0 | 3.5 | 0 | 0 | 1 | 7218.64 | 
71.51 | 0 | 0 | 3.7 | 0 | 1 | 0 | 6574.57 | 
71.51 | 0 | 0 | 3.7 | 0 | 0 | 1 | 8496.22 | 
72.51 | 0 | 0 | 3.8 | 0 | 1 | 0 | 5384.63 | 
72.51 | 0 | 0 | 3.8 | 0 | 0 | 1 | 9174.58 | 
73.51 | 0 | 0 | 3.9 | 0 | 1 | 0 | 7412.25 | 
73.51 | 0 | 0 | 3.9 | 0 | 0 | 1 | 9746.67 | 
67.51 | 0 | 0 | 3.5 | 1 | 1 | 0 | 0 | 
67.51 | 0 | 0 | 3.5 | 1 | 0 | 1 | 0 | 
74.51 | 0 | 0 | 4.0 | 0 | 1 | 0 | 9954.13 | 
74.51 | 0 | 0 | 4.0 | 0 | 0 | 1 | 10017.1 | 
75.51 | 0 | 0 | 4.1 | 0 | 1 | 0 | 10017.52 | 
75.51 | 0 | 0 | 4.1 | 0 | 0 | 1 | 9771.47 | 
76.51 | 0 | 0 | 4.2 | 0 | 1 | 0 | 10017.84 | 
76.51 | 0 | 0 | 4.2 | 0 | 0 | 1 | 10016.49 | 
77.51 | 0 | 0 | 4.3 | 0 | 1 | 0 | 10014.75 | 
77.51 | 0 | 0 | 4.3 | 0 | 0 | 1 | 10015.87 | 
78.51 | 0 | 0 | 4.4 | 0 | 1 | 0 | 10013.31 | 
78.51 | 0 | 0 | 4.4 | 0 | 0 | 1 | 10012.98 | 
79.51 | 0 | 0 | 4.5 | 0 | 1 | 0 | 10011.45 | 
79.51 | 0 | 0 | 4.5 | 0 | 0 | 1 | 10010.7 | 
80.51 | 0 | 0 | 4.6 | 0 | 1 | 0 | 10009.31 | 
80.51 | 0 | 0 | 4.6 | 0 | 0 | 1 | 10008.15 | 
81.51 | 0 | 0 | 4.7 | 0 | 1 | 0 | 10006.99 | 
81.51 | 0 | 0 | 4.7 | 0 | 0 | 1 | 10005.31 | 
82.51 | 0 | 0 | 4.8 | 0 | 1 | 0 | 10003.48 | 
82.51 | 0 | 0 | 4.8 | 0 | 0 | 1 | 10002.2 | 
83.51 | 0 | 0 | 4.9 | 0 | 1 | 0 | 10000.0 | 
83.51 | 0 | 0 | 4.9 | 0 | 0 | 1 | 10000.0 | 
84.51 | 0 | 0 | 5.0 | 1 | 1 | 0 | 0 | 
84.51 | 0 | 0 | 5.0 | 1 | 0 | 1 | 0 | 
81.51 | 0 | 0 | 4.9 | 0 | 1 | 0 | 10000.0 | 
81.51 | 0 | 0 | 4.9 | 0 | 0 | 1 | 10000.0 | 
82.51 | 0 | 0 | 5.0 | 1 | 1 | 0 | 0 | 
82.51 | 0 | 0 | 5.0 | 1 | 0 | 1 | 0 | 
44.51 | 0 | 0 | 1.5 | 0 | 1 | 0 | -22017.88 | 
44.51 | 0 | 0 | 1.5 | 0 | 0 | 1 | -21549.49 | 
44.51 | 0 | 0 | 1.6 | 0 | 1 | 0 | -21455.48 | 
44.51 | 0 | 0 | 1.6 | 0 | 0 | 1 | -21649.47 | 
44.51 | 0 | 0 | 1.7 | 0 | 1 | 0 | -21756.88 | 
44.51 | 0 | 0 | 1.7 | 0 | 0 | 1 | -21396.24 | 
44.51 | 0 | 0 | 1.8 | 0 | 1 | 0 | -21641.55 | 
44.51 | 0 | 0 | 1.8 | 0 | 0 | 1 | -21696.49 | 
44.51 | 0 | 0 | 1.9 | 0 | 1 | 0 | -22742.66 | 
44.51 | 0 | 0 | 1.9 | 0 | 0 | 1 | -23648.71 | 
44.51 | 0 | 0 | 2.0 | 1 | 1 | 0 | 0 | 
44.51 | 0 | 0 | 2.0 | 1 | 0 | 1 | 0 | 
74.51 | 0 | 0 | 4.3 | 0 | 1 | 0 | -2026.19 | 
74.51 | 0 | 0 | 4.3 | 0 | 0 | 1 | -2382.67 | 
74.51 | 0 | 0 | 4.4 | 1 | 1 | 0 | 0 | 
74.51 | 0 | 0 | 4.4 | 1 | 0 | 1 | 0 | 
80.51 | 0 | 0 | 5.0 | 1 | 1 | 0 | 0 | 
80.51 | 0 | 0 | 5.0 | 1 | 0 | 1 | 0 | 
69.51 | 0 | 0 | 3.7 | 1 | 1 | 0 | 0 | 
69.51 | 0 | 0 | 3.7 | 1 | 0 | 1 | 0 | 
48.51 | 0 | 0 | 1.2 | 0 | 1 | 0 | 1493.33 | 
48.51 | 0 | 0 | 1.2 | 0 | 0 | 1 | 56.4 | 
49.51 | 0 | 0 | 1.3 | 0 | 1 | 0 | 1870.58 | 
49.51 | 0 | 0 | 1.3 | 0 | 0 | 1 | 55.89 | 
50.51 | 0 | 0 | 1.4 | 0 | 1 | 0 | 2297.56 | 
50.51 | 0 | 0 | 1.4 | 0 | 0 | 1 | 555.1 | 
51.51 | 0 | 0 | 1.5 | 0 | 1 | 0 | 338.35 | 
51.51 | 0 | 0 | 1.5 | 0 | 0 | 1 | 2753.63 | 
52.51 | 0 | 0 | 1.6 | 0 | 1 | 0 | 3225.21 | 
52.51 | 0 | 0 | 1.6 | 0 | 0 | 1 | 623.46 | 
53.51 | 0 | 0 | 1.7 | 0 | 1 | 0 | 1081.41 | 
53.51 | 0 | 0 | 1.7 | 0 | 0 | 1 | 3702.63 | 
54.51 | 0 | 0 | 1.8 | 0 | 1 | 0 | 4077.5 | 
54.51 | 0 | 0 | 1.8 | 0 | 0 | 1 | 1614.66 | 
55.51 | 0 | 0 | 1.9 | 0 | 1 | 0 | 4581.64 | 
55.51 | 0 | 0 | 1.9 | 0 | 0 | 1 | 1589.74 | 
56.51 | 0 | 0 | 2.0 | 0 | 1 | 0 | 4927.68 | 
56.51 | 0 | 0 | 2.0 | 0 | 0 | 1 | 1528.33 | 
57.51 | 0 | 0 | 2.1 | 0 | 1 | 0 | 5190.64 | 
57.51 | 0 | 0 | 2.1 | 0 | 0 | 1 | 1400.24 | 
58.51 | 0 | 0 | 2.2 | 0 | 1 | 0 | 5399.0 | 
58.51 | 0 | 0 | 2.2 | 0 | 0 | 1 | 2308.11 | 
59.51 | 0 | 0 | 2.3 | 0 | 1 | 0 | 5609.57 | 
59.51 | 0 | 0 | 2.3 | 0 | 0 | 1 | 2733.52 | 
60.51 | 0 | 0 | 2.4 | 0 | 1 | 0 | 5865.78 | 
60.51 | 0 | 0 | 2.4 | 0 | 0 | 1 | 2106.41 | 
61.51 | 0 | 0 | 2.5 | 0 | 1 | 0 | 6163.06 | 
61.51 | 0 | 0 | 2.5 | 0 | 0 | 1 | 1259.59 | 
62.51 | 0 | 0 | 2.6 | 0 | 1 | 0 | 2986.03 | 
62.51 | 0 | 0 | 2.6 | 0 | 0 | 1 | 6435.59 | 
63.51 | 0 | 0 | 2.7 | 0 | 1 | 0 | 6610.64 | 
63.51 | 0 | 0 | 2.7 | 0 | 0 | 1 | 2094.37 | 
64.51 | 0 | 0 | 2.8 | 0 | 1 | 0 | 6688.58 | 
64.51 | 0 | 0 | 2.8 | 0 | 0 | 1 | 4993.84 | 
65.51 | 0 | 0 | 2.9 | 0 | 1 | 0 | 2708.44 | 
65.51 | 0 | 0 | 2.9 | 0 | 0 | 1 | 7019.34 | 
66.51 | 0 | 0 | 3.0 | 0 | 1 | 0 | 3218.64 | 
66.51 | 0 | 0 | 3.0 | 0 | 0 | 1 | 6944.49 | 
67.51 | 0 | 0 | 3.1 | 0 | 1 | 0 | 4430.87 | 
67.51 | 0 | 0 | 3.1 | 0 | 0 | 1 | 5119.81 | 
68.51 | 0 | 0 | 3.2 | 0 | 1 | 0 | 3554.22 | 
68.51 | 0 | 0 | 3.2 | 0 | 0 | 1 | 5493.78 | 
69.51 | 0 | 0 | 3.3 | 0 | 1 | 0 | 6126.96 | 
69.51 | 0 | 0 | 3.3 | 0 | 0 | 1 | 3658.48 | 
70.51 | 0 | 0 | 3.4 | 0 | 1 | 0 | 1288.1 | 
70.51 | 0 | 0 | 3.4 | 0 | 0 | 1 | 6632.95 | 
71.51 | 0 | 0 | 3.5 | 0 | 1 | 0 | 2842.38 | 
71.51 | 0 | 0 | 3.5 | 0 | 0 | 1 | 6803.07 | 
72.51 | 0 | 0 | 3.6 | 0 | 1 | 0 | 1313.59 | 
72.51 | 0 | 0 | 3.6 | 0 | 0 | 1 | 4624.77 | 
73.51 | 0 | 0 | 3.7 | 0 | 1 | 0 | 5856.2 | 
73.51 | 0 | 0 | 3.7 | 0 | 0 | 1 | 1353.6 | 
74.51 | 0 | 0 | 3.8 | 0 | 1 | 0 | 765.19 | 
74.51 | 0 | 0 | 3.8 | 0 | 0 | 1 | 6658.7 | 
75.51 | 0 | 0 | 3.9 | 0 | 1 | 0 | 2158.65 | 
75.51 | 0 | 0 | 3.9 | 0 | 0 | 1 | 3066.65 | 
76.51 | 0 | 0 | 4.0 | 0 | 1 | 0 | 942.87 | 
76.51 | 0 | 0 | 4.0 | 0 | 0 | 1 | 2665.53 | 
77.51 | 0 | 0 | 4.1 | 0 | 1 | 0 | 1402.84 | 
77.51 | 0 | 0 | 4.1 | 0 | 0 | 1 | 4042.4 | 
78.51 | 0 | 0 | 4.2 | 0 | 1 | 0 | 4752.76 | 
78.51 | 0 | 0 | 4.2 | 0 | 0 | 1 | 181.23 | 
79.51 | 0 | 0 | 4.3 | 0 | 1 | 0 | 627.46 | 
79.51 | 0 | 0 | 4.3 | 0 | 0 | 1 | 5263.49 | 
80.51 | 0 | 0 | 4.4 | 0 | 1 | 0 | 3428.6 | 
80.51 | 0 | 0 | 4.4 | 0 | 0 | 1 | 6772.56 | 
81.51 | 0 | 0 | 4.5 | 0 | 1 | 0 | 8468.47 | 
81.51 | 0 | 0 | 4.5 | 0 | 0 | 1 | 3281.39 | 
82.51 | 0 | 0 | 4.6 | 0 | 1 | 0 | 9374.5 | 
82.51 | 0 | 0 | 4.6 | 0 | 0 | 1 | 2561.89 | 
83.51 | 0 | 0 | 4.7 | 0 | 1 | 0 | 9812.91 | 
83.51 | 0 | 0 | 4.7 | 0 | 0 | 1 | 6475.87 | 
84.51 | 0 | 0 | 4.8 | 0 | 1 | 0 | 7905.19 | 
84.51 | 0 | 0 | 4.8 | 0 | 0 | 1 | 9972.23 | 
85.51 | 0 | 0 | 4.9 | 0 | 1 | 0 | 8427.14 | 
85.51 | 0 | 0 | 4.9 | 0 | 0 | 1 | 10000.0 | 
86.51 | 0 | 0 | 5.0 | 1 | 1 | 0 | 0 | 
86.51 | 0 | 0 | 5.0 | 1 | 0 | 1 | 0 | 
72.51 | 0 | 0 | 4.1 | 1 | 1 | 0 | 0 | 
72.51 | 0 | 0 | 4.1 | 1 | 0 | 1 | 0 | 
78.51 | 0 | 0 | 4.6 | 0 | 1 | 0 | 10005.97 | 
78.51 | 0 | 0 | 4.6 | 0 | 0 | 1 | 9976.76 | 
78.51 | 0 | 0 | 4.7 | 0 | 1 | 0 | 10001.71 | 
78.51 | 0 | 0 | 4.7 | 0 | 0 | 1 | 10003.34 | 
78.51 | 0 | 0 | 4.8 | 0 | 1 | 0 | 10001.16 | 
78.51 | 0 | 0 | 4.8 | 0 | 0 | 1 | 10000.85 | 
78.51 | 0 | 0 | 4.9 | 0 | 1 | 0 | 9999.15 | 
78.51 | 0 | 0 | 4.9 | 0 | 0 | 1 | 10000.0 | 
78.51 | 0 | 0 | 5.0 | 1 | 1 | 0 | 0 | 
78.51 | 0 | 0 | 5.0 | 1 | 0 | 1 | 0 | 
51.51 | 0 | 0 | 1.4 | 0 | 1 | 0 | 0.4 | 
51.51 | 0 | 0 | 1.4 | 0 | 0 | 1 | 0.0 | 
52.51 | 0 | 0 | 1.5 | 0 | 1 | 0 | 0.25 | 
52.51 | 0 | 0 | 1.5 | 0 | 0 | 1 | 0.5 | 
53.51 | 0 | 0 | 1.6 | 0 | 1 | 0 | 1.5 | 
53.51 | 0 | 0 | 1.6 | 0 | 0 | 1 | 0.0 | 
55.51 | 0 | 0 | 1.7 | 0 | 1 | 0 | 0 | 
55.51 | 0 | 0 | 1.7 | 0 | 0 | 1 | 0.25 | 
56.51 | 0 | 0 | 1.8 | 0 | 1 | 0 | 1.0 | 
56.51 | 0 | 0 | 1.8 | 0 | 0 | 1 | 0 | 
57.51 | 0 | 0 | 1.9 | 0 | 1 | 0 | 1.75 | 
57.51 | 0 | 0 | 1.9 | 0 | 0 | 1 | 0 | 
58.51 | 0 | 0 | 2.0 | 0 | 1 | 0 | 2.5 | 
58.51 | 0 | 0 | 2.0 | 0 | 0 | 1 | 0 | 
59.51 | 0 | 0 | 2.1 | 0 | 1 | 0 | 2.0 | 
59.51 | 0 | 0 | 2.1 | 0 | 0 | 1 | 1.25 | 
60.51 | 0 | 0 | 2.2 | 0 | 1 | 0 | 0 | 
60.51 | 0 | 0 | 2.2 | 0 | 0 | 1 | 1.5 | 
61.51 | 0 | 0 | 2.3 | 0 | 1 | 0 | 0 | 
61.51 | 0 | 0 | 2.3 | 0 | 0 | 1 | 1.25 | 
62.51 | 0 | 0 | 2.4 | 0 | 1 | 0 | 1.5 | 
62.51 | 0 | 0 | 2.4 | 0 | 0 | 1 | 0 | 
63.51 | 0 | 0 | 2.5 | 0 | 1 | 0 | 0 | 
63.51 | 0 | 0 | 2.5 | 0 | 0 | 1 | 1.25 | 
64.51 | 0 | 0 | 2.6 | 0 | 1 | 0 | 1.5 | 
64.51 | 0 | 0 | 2.6 | 0 | 0 | 1 | 0 | 
65.51 | 0 | 0 | 2.7 | 0 | 1 | 0 | 1.25 | 
65.51 | 0 | 0 | 2.7 | 0 | 0 | 1 | 1.0 | 
66.51 | 0 | 0 | 2.8 | 0 | 1 | 0 | 1.5 | 
66.51 | 0 | 0 | 2.8 | 0 | 0 | 1 | 1.25 | 
67.51 | 0 | 0 | 2.9 | 0 | 1 | 0 | 2.75 | 
67.51 | 0 | 0 | 2.9 | 0 | 0 | 1 | 0 | 
68.51 | 0 | 0 | 3.0 | 0 | 1 | 0 | 3.5 | 
68.51 | 0 | 0 | 3.0 | 0 | 0 | 1 | 0 | 
69.51 | 0 | 0 | 3.1 | 0 | 1 | 0 | 3.75 | 
69.51 | 0 | 0 | 3.1 | 0 | 0 | 1 | 0 | 
70.51 | 0 | 0 | 3.2 | 0 | 1 | 0 | 0 | 
70.51 | 0 | 0 | 3.2 | 0 | 0 | 1 | 3.5 | 
71.51 | 0 | 0 | 3.3 | 0 | 1 | 0 | 3.75 | 
71.51 | 0 | 0 | 3.3 | 0 | 0 | 1 | 0 | 
72.51 | 0 | 0 | 3.4 | 0 | 1 | 0 | 0 | 
72.51 | 0 | 0 | 3.4 | 0 | 0 | 1 | 3.5 | 
73.51 | 0 | 0 | 3.5 | 0 | 1 | 0 | 3.0 | 
73.51 | 0 | 0 | 3.5 | 0 | 0 | 1 | 2.25 | 
74.51 | 0 | 0 | 3.6 | 0 | 1 | 0 | 3.5 | 
74.51 | 0 | 0 | 3.6 | 0 | 0 | 1 | 2.25 | 
75.51 | 0 | 0 | 3.7 | 0 | 1 | 0 | 4.25 | 
75.51 | 0 | 0 | 3.7 | 0 | 0 | 1 | 0 | 
76.51 | 0 | 0 | 3.8 | 0 | 1 | 0 | 0 | 
76.51 | 0 | 0 | 3.8 | 0 | 0 | 1 | 3.5 | 
77.51 | 0 | 0 | 3.9 | 0 | 1 | 0 | 2.25 | 
77.51 | 0 | 0 | 3.9 | 0 | 0 | 1 | 3.0 | 
78.51 | 0 | 0 | 4.0 | 0 | 1 | 0 | 4.0 | 
78.51 | 0 | 0 | 4.0 | 0 | 0 | 1 | 0 | 
79.51 | 0 | 0 | 4.1 | 0 | 1 | 0 | 0 | 
79.51 | 0 | 0 | 4.1 | 0 | 0 | 1 | 3.75 | 
80.51 | 0 | 0 | 4.2 | 0 | 1 | 0 | 4.5 | 
80.51 | 0 | 0 | 4.2 | 0 | 0 | 1 | 0 | 
81.51 | 0 | 0 | 4.3 | 0 | 1 | 0 | 5.25 | 
81.51 | 0 | 0 | 4.3 | 0 | 0 | 1 | 0 | 
82.51 | 0 | 0 | 4.4 | 0 | 1 | 0 | 6.0 | 
82.51 | 0 | 0 | 4.4 | 0 | 0 | 1 | 0 | 
83.51 | 0 | 0 | 4.5 | 0 | 1 | 0 | 6.75 | 
83.51 | 0 | 0 | 4.5 | 0 | 0 | 1 | 0 | 
84.51 | 0 | 0 | 4.6 | 0 | 1 | 0 | 7.0 | 
84.51 | 0 | 0 | 4.6 | 0 | 0 | 1 | 0 | 
85.51 | 0 | 0 | 4.7 | 0 | 1 | 0 | 4.25 | 
85.51 | 0 | 0 | 4.7 | 0 | 0 | 1 | 5.0 | 
86.51 | 0 | 0 | 4.8 | 0 | 1 | 0 | 0 | 
86.51 | 0 | 0 | 4.8 | 0 | 0 | 1 | 3.5 | 
86.51 | 0 | 0 | 4.9 | 0 | 1 | 0 | 5000.0 | 
86.51 | 0 | 0 | 4.9 | 0 | 0 | 1 | 0 | 
65.51 | 0 | 0 | 3.3 | 1 | 1 | 0 | 0 | 
65.51 | 0 | 0 | 3.3 | 1 | 0 | 1 | 0 | 
79.51 | 0 | 0 | 4.8 | 0 | 1 | 0 | 10001.7 | 
79.51 | 0 | 0 | 4.8 | 0 | 0 | 1 | 10002.66 | 
79.51 | 0 | 0 | 4.9 | 0 | 1 | 0 | 9998.78 | 
79.51 | 0 | 0 | 4.9 | 0 | 0 | 1 | 10000.0 | 
79.51 | 0 | 0 | 5.0 | 1 | 1 | 0 | 0 | 
79.51 | 0 | 0 | 5.0 | 1 | 0 | 1 | 0 | 
54.51 | 0 | 0 | 1.7 | 0 | 1 | 0 | 2.25 | 
54.51 | 0 | 0 | 1.7 | 0 | 0 | 1 | 0 | 
55.51 | 0 | 0 | 1.8 | 0 | 1 | 0 | 2.0 | 
55.51 | 0 | 0 | 1.8 | 0 | 0 | 1 | 1.5 | 
56.51 | 0 | 0 | 1.9 | 0 | 1 | 0 | 3.25 | 
56.51 | 0 | 0 | 1.9 | 0 | 0 | 1 | 0 | 
57.51 | 0 | 0 | 2.0 | 0 | 1 | 0 | 4.0 | 
57.51 | 0 | 0 | 2.0 | 0 | 0 | 1 | 0 | 
58.51 | 0 | 0 | 2.1 | 0 | 1 | 0 | 4.75 | 
58.51 | 0 | 0 | 2.1 | 0 | 0 | 1 | 0 | 
59.51 | 0 | 0 | 2.2 | 0 | 1 | 0 | 5.5 | 
59.51 | 0 | 0 | 2.2 | 0 | 0 | 1 | 0 | 
60.51 | 0 | 0 | 2.3 | 0 | 1 | 0 | 6.25 | 
60.51 | 0 | 0 | 2.3 | 0 | 0 | 1 | 0 | 
61.51 | 0 | 0 | 2.4 | 0 | 1 | 0 | 6.5 | 
61.51 | 0 | 0 | 2.4 | 0 | 0 | 1 | 0 | 
62.51 | 0 | 0 | 2.5 | 0 | 1 | 0 | 0 | 
62.51 | 0 | 0 | 2.5 | 0 | 0 | 1 | 6.25 | 
63.51 | 0 | 0 | 2.6 | 0 | 1 | 0 | 7.0 | 
63.51 | 0 | 0 | 2.6 | 0 | 0 | 1 | 0 | 
64.51 | 0 | 0 | 2.7 | 0 | 1 | 0 | 5.5 | 
64.51 | 0 | 0 | 2.7 | 0 | 0 | 1 | 4.5 | 
65.51 | 0 | 0 | 2.8 | 0 | 1 | 0 | 8.0 | 
65.51 | 0 | 0 | 2.8 | 0 | 0 | 1 | 0 | 
66.51 | 0 | 0 | 2.9 | 0 | 1 | 0 | 8.25 | 
66.51 | 0 | 0 | 2.9 | 0 | 0 | 1 | 0 | 
67.51 | 0 | 0 | 3.0 | 0 | 1 | 0 | 0 | 
67.51 | 0 | 0 | 3.0 | 0 | 0 | 1 | 8.0 | 
68.51 | 0 | 0 | 3.1 | 0 | 1 | 0 | 8.25 | 
68.51 | 0 | 0 | 3.1 | 0 | 0 | 1 | 0 | 
69.51 | 0 | 0 | 3.2 | 0 | 1 | 0 | 0 | 
69.51 | 0 | 0 | 3.2 | 0 | 0 | 1 | 8.0 | 
70.51 | 0 | 0 | 3.3 | 0 | 1 | 0 | 6.5 | 
70.51 | 0 | 0 | 3.3 | 0 | 0 | 1 | 3.53 | 
71.51 | 0 | 0 | 3.4 | 0 | 1 | 0 | 3.5 | 
71.51 | 0 | 0 | 3.4 | 0 | 0 | 1 | 0 | 
87.51 | 0 | 0 | 4.9 | 0 | 1 | 0 | 10000.0 | 
87.51 | 0 | 0 | 4.9 | 0 | 0 | 1 | 0 | 
88.51 | 0 | 0 | 5.0 | 1 | 1 | 0 | 0 | 
88.51 | 0 | 0 | 5.0 | 1 | 0 | 1 | 0 | 
72.51 | 0 | 0 | 3.5 | 0 | 1 | 0 | 4.0 | 
72.51 | 0 | 0 | 3.5 | 0 | 0 | 1 | 0 | 
73.51 | 0 | 0 | 3.6 | 0 | 1 | 0 | 4.5 | 
73.51 | 0 | 0 | 3.6 | 0 | 0 | 1 | 0 | 
74.51 | 0 | 0 | 3.7 | 0 | 1 | 0 | 5.0 | 
74.51 | 0 | 0 | 3.7 | 0 | 0 | 1 | 0 | 
75.51 | 0 | 0 | 3.8 | 0 | 1 | 0 | 5.5 | 
75.51 | 0 | 0 | 3.8 | 0 | 0 | 1 | 0 | 
76.51 | 0 | 0 | 3.9 | 0 | 1 | 0 | 6.0 | 
76.51 | 0 | 0 | 3.9 | 0 | 0 | 1 | 0 | 
77.51 | 0 | 0 | 4.0 | 0 | 1 | 0 | 6.5 | 
77.51 | 0 | 0 | 4.0 | 0 | 0 | 1 | 0 | 
78.51 | 0 | 0 | 4.1 | 0 | 1 | 0 | 689.36 | 
78.51 | 0 | 0 | 4.1 | 0 | 0 | 1 | 0 | 
